<annotation>
	<folder></folder>
	<filename>20240511_092538_jpg.rf.bbfebaea2722bbf45b1d9b17996a2364.jpg</filename>
	<path>20240511_092538_jpg.rf.bbfebaea2722bbf45b1d9b17996a2364.jpg</path>
	<source>
		<database>roboflow.com</database>
	</source>
	<size>
		<width>320</width>
		<height>320</height>
		<depth>3</depth>
	</size>
	<segmented>0</segmented>
	<object>
		<name>Plastic-bottle</name>
		<pose>Unspecified</pose>
		<truncated>0</truncated>
		<difficult>0</difficult>
		<occluded>0</occluded>
		<bndbox>
			<xmin>22</xmin>
			<xmax>290</xmax>
			<ymin>92</ymin>
			<ymax>254</ymax>
		</bndbox>
	</object>
</annotation>
