<annotation>
	<folder></folder>
	<filename>20240511_085729_jpg.rf.2330f9420bad4b97d2f6f239eec77d63.jpg</filename>
	<path>20240511_085729_jpg.rf.2330f9420bad4b97d2f6f239eec77d63.jpg</path>
	<source>
		<database>roboflow.com</database>
	</source>
	<size>
		<width>320</width>
		<height>320</height>
		<depth>3</depth>
	</size>
	<segmented>0</segmented>
	<object>
		<name>Plastic-bottle</name>
		<pose>Unspecified</pose>
		<truncated>0</truncated>
		<difficult>0</difficult>
		<occluded>0</occluded>
		<bndbox>
			<xmin>39</xmin>
			<xmax>222</xmax>
			<ymin>94</ymin>
			<ymax>321</ymax>
		</bndbox>
	</object>
</annotation>
