<annotation>
	<folder></folder>
	<filename>20240511_085634_jpg.rf.b271cfdf2995195e3fcf1491eb369f36.jpg</filename>
	<path>20240511_085634_jpg.rf.b271cfdf2995195e3fcf1491eb369f36.jpg</path>
	<source>
		<database>roboflow.com</database>
	</source>
	<size>
		<width>320</width>
		<height>320</height>
		<depth>3</depth>
	</size>
	<segmented>0</segmented>
	<object>
		<name>Plastic-bottle</name>
		<pose>Unspecified</pose>
		<truncated>0</truncated>
		<difficult>0</difficult>
		<occluded>0</occluded>
		<bndbox>
			<xmin>45</xmin>
			<xmax>315</xmax>
			<ymin>95</ymin>
			<ymax>220</ymax>
		</bndbox>
	</object>
</annotation>
