<annotation>
	<folder></folder>
	<filename>20240511_090006_jpg.rf.728fe21ea193f31664c1536bbbf5a53d.jpg</filename>
	<path>20240511_090006_jpg.rf.728fe21ea193f31664c1536bbbf5a53d.jpg</path>
	<source>
		<database>roboflow.com</database>
	</source>
	<size>
		<width>320</width>
		<height>320</height>
		<depth>3</depth>
	</size>
	<segmented>0</segmented>
	<object>
		<name>Plastic-bottle</name>
		<pose>Unspecified</pose>
		<truncated>0</truncated>
		<difficult>0</difficult>
		<occluded>0</occluded>
		<bndbox>
			<xmin>20</xmin>
			<xmax>308</xmax>
			<ymin>63</ymin>
			<ymax>235</ymax>
		</bndbox>
	</object>
</annotation>
