<annotation>
	<folder></folder>
	<filename>20240514_084114_jpg.rf.f49b17ebeae104584bbd187424f59ba0.jpg</filename>
	<path>20240514_084114_jpg.rf.f49b17ebeae104584bbd187424f59ba0.jpg</path>
	<source>
		<database>roboflow.com</database>
	</source>
	<size>
		<width>320</width>
		<height>320</height>
		<depth>3</depth>
	</size>
	<segmented>0</segmented>
	<object>
		<name>Plastic-bottle</name>
		<pose>Unspecified</pose>
		<truncated>0</truncated>
		<difficult>0</difficult>
		<occluded>0</occluded>
		<bndbox>
			<xmin>115</xmin>
			<xmax>249</xmax>
			<ymin>139</ymin>
			<ymax>201</ymax>
		</bndbox>
	</object>
</annotation>
