<annotation>
	<folder></folder>
	<filename>20240511_085214_jpg.rf.992c169f4a7b1864a3064b8f907389c3.jpg</filename>
	<path>20240511_085214_jpg.rf.992c169f4a7b1864a3064b8f907389c3.jpg</path>
	<source>
		<database>roboflow.com</database>
	</source>
	<size>
		<width>320</width>
		<height>320</height>
		<depth>3</depth>
	</size>
	<segmented>0</segmented>
	<object>
		<name>Plastic-bottle</name>
		<pose>Unspecified</pose>
		<truncated>0</truncated>
		<difficult>0</difficult>
		<occluded>0</occluded>
		<bndbox>
			<xmin>124</xmin>
			<xmax>254</xmax>
			<ymin>17</ymin>
			<ymax>287</ymax>
		</bndbox>
	</object>
</annotation>
