<annotation>
	<folder></folder>
	<filename>20240511_085844_jpg.rf.b490fe64a50809a9c39bde4849dd1578.jpg</filename>
	<path>20240511_085844_jpg.rf.b490fe64a50809a9c39bde4849dd1578.jpg</path>
	<source>
		<database>roboflow.com</database>
	</source>
	<size>
		<width>320</width>
		<height>320</height>
		<depth>3</depth>
	</size>
	<segmented>0</segmented>
	<object>
		<name>Plastic-bottle</name>
		<pose>Unspecified</pose>
		<truncated>0</truncated>
		<difficult>0</difficult>
		<occluded>0</occluded>
		<bndbox>
			<xmin>41</xmin>
			<xmax>257</xmax>
			<ymin>28</ymin>
			<ymax>289</ymax>
		</bndbox>
	</object>
</annotation>
