<annotation>
	<folder></folder>
	<filename>20240511_091327_jpg.rf.00bcf53a7345c104831e85869dd7fcab.jpg</filename>
	<path>20240511_091327_jpg.rf.00bcf53a7345c104831e85869dd7fcab.jpg</path>
	<source>
		<database>roboflow.com</database>
	</source>
	<size>
		<width>320</width>
		<height>320</height>
		<depth>3</depth>
	</size>
	<segmented>0</segmented>
	<object>
		<name>Plastic-bottle</name>
		<pose>Unspecified</pose>
		<truncated>0</truncated>
		<difficult>0</difficult>
		<occluded>0</occluded>
		<bndbox>
			<xmin>104</xmin>
			<xmax>259</xmax>
			<ymin>8</ymin>
			<ymax>277</ymax>
		</bndbox>
	</object>
</annotation>
