<annotation>
	<folder></folder>
	<filename>20240511_090531_jpg.rf.263af972ffde7b228d2cac315b84afc6.jpg</filename>
	<path>20240511_090531_jpg.rf.263af972ffde7b228d2cac315b84afc6.jpg</path>
	<source>
		<database>roboflow.com</database>
	</source>
	<size>
		<width>320</width>
		<height>320</height>
		<depth>3</depth>
	</size>
	<segmented>0</segmented>
	<object>
		<name>Plastic-bottle</name>
		<pose>Unspecified</pose>
		<truncated>0</truncated>
		<difficult>0</difficult>
		<occluded>0</occluded>
		<bndbox>
			<xmin>88</xmin>
			<xmax>229</xmax>
			<ymin>38</ymin>
			<ymax>145</ymax>
		</bndbox>
	</object>
	<object>
		<name>Plastic-bottle</name>
		<pose>Unspecified</pose>
		<truncated>0</truncated>
		<difficult>0</difficult>
		<occluded>0</occluded>
		<bndbox>
			<xmin>161</xmin>
			<xmax>307</xmax>
			<ymin>36</ymin>
			<ymax>194</ymax>
		</bndbox>
	</object>
	<object>
		<name>Plastic-bottle</name>
		<pose>Unspecified</pose>
		<truncated>0</truncated>
		<difficult>0</difficult>
		<occluded>0</occluded>
		<bndbox>
			<xmin>92</xmin>
			<xmax>224</xmax>
			<ymin>136</ymin>
			<ymax>296</ymax>
		</bndbox>
	</object>
</annotation>
