<annotation>
	<folder></folder>
	<filename>20240511_090451_jpg.rf.13039b975374e0bbac04d1a05ffba7b5.jpg</filename>
	<path>20240511_090451_jpg.rf.13039b975374e0bbac04d1a05ffba7b5.jpg</path>
	<source>
		<database>roboflow.com</database>
	</source>
	<size>
		<width>320</width>
		<height>320</height>
		<depth>3</depth>
	</size>
	<segmented>0</segmented>
	<object>
		<name>Plastic-bottle</name>
		<pose>Unspecified</pose>
		<truncated>0</truncated>
		<difficult>0</difficult>
		<occluded>0</occluded>
		<bndbox>
			<xmin>94</xmin>
			<xmax>230</xmax>
			<ymin>55</ymin>
			<ymax>289</ymax>
		</bndbox>
	</object>
</annotation>
