<annotation>
	<folder></folder>
	<filename>20240511_092453_jpg.rf.5f08959d7b7bd74645fab822b22fc540.jpg</filename>
	<path>20240511_092453_jpg.rf.5f08959d7b7bd74645fab822b22fc540.jpg</path>
	<source>
		<database>roboflow.com</database>
	</source>
	<size>
		<width>320</width>
		<height>320</height>
		<depth>3</depth>
	</size>
	<segmented>0</segmented>
	<object>
		<name>Plastic-bottle</name>
		<pose>Unspecified</pose>
		<truncated>0</truncated>
		<difficult>0</difficult>
		<occluded>0</occluded>
		<bndbox>
			<xmin>68</xmin>
			<xmax>281</xmax>
			<ymin>39</ymin>
			<ymax>251</ymax>
		</bndbox>
	</object>
</annotation>
