<annotation>
	<folder></folder>
	<filename>20240511_090828_jpg.rf.a327b5c5ce9a1a03cb66825174157b49.jpg</filename>
	<path>20240511_090828_jpg.rf.a327b5c5ce9a1a03cb66825174157b49.jpg</path>
	<source>
		<database>roboflow.com</database>
	</source>
	<size>
		<width>320</width>
		<height>320</height>
		<depth>3</depth>
	</size>
	<segmented>0</segmented>
	<object>
		<name>Plastic-bottle</name>
		<pose>Unspecified</pose>
		<truncated>0</truncated>
		<difficult>0</difficult>
		<occluded>0</occluded>
		<bndbox>
			<xmin>4</xmin>
			<xmax>304</xmax>
			<ymin>116</ymin>
			<ymax>278</ymax>
		</bndbox>
	</object>
</annotation>
