<annotation>
	<folder></folder>
	<filename>20240512_184806_jpg.rf.73ea58ee607d900fda9cb53241fef9b7.jpg</filename>
	<path>20240512_184806_jpg.rf.73ea58ee607d900fda9cb53241fef9b7.jpg</path>
	<source>
		<database>roboflow.com</database>
	</source>
	<size>
		<width>320</width>
		<height>320</height>
		<depth>3</depth>
	</size>
	<segmented>0</segmented>
	<object>
		<name>Plastic-bottle</name>
		<pose>Unspecified</pose>
		<truncated>0</truncated>
		<difficult>0</difficult>
		<occluded>0</occluded>
		<bndbox>
			<xmin>132</xmin>
			<xmax>184</xmax>
			<ymin>107</ymin>
			<ymax>195</ymax>
		</bndbox>
	</object>
</annotation>
