<annotation>
	<folder></folder>
	<filename>20240511_085634_jpg.rf.7328c0952f53d4708cfe5e19e251bc4f.jpg</filename>
	<path>20240511_085634_jpg.rf.7328c0952f53d4708cfe5e19e251bc4f.jpg</path>
	<source>
		<database>roboflow.com</database>
	</source>
	<size>
		<width>320</width>
		<height>320</height>
		<depth>3</depth>
	</size>
	<segmented>0</segmented>
	<object>
		<name>Plastic-bottle</name>
		<pose>Unspecified</pose>
		<truncated>0</truncated>
		<difficult>0</difficult>
		<occluded>0</occluded>
		<bndbox>
			<xmin>45</xmin>
			<xmax>315</xmax>
			<ymin>95</ymin>
			<ymax>220</ymax>
		</bndbox>
	</object>
</annotation>
