<annotation>
	<folder></folder>
	<filename>bouteille_plastique_193_jpg.rf.2eb8ccd829be4ba106aea3d71af9ba20.jpg</filename>
	<path>bouteille_plastique_193_jpg.rf.2eb8ccd829be4ba106aea3d71af9ba20.jpg</path>
	<source>
		<database>roboflow.com</database>
	</source>
	<size>
		<width>320</width>
		<height>320</height>
		<depth>3</depth>
	</size>
	<segmented>0</segmented>
	<object>
		<name>Plastic-bottle</name>
		<pose>Unspecified</pose>
		<truncated>0</truncated>
		<difficult>0</difficult>
		<occluded>0</occluded>
		<bndbox>
			<xmin>98</xmin>
			<xmax>238</xmax>
			<ymin>15</ymin>
			<ymax>299</ymax>
		</bndbox>
	</object>
</annotation>
