<annotation>
	<folder></folder>
	<filename>bouteille_plastique_1435_jpg.rf.e5d78b9ac6c6e70832ef1d7cfc8580a5.jpg</filename>
	<path>bouteille_plastique_1435_jpg.rf.e5d78b9ac6c6e70832ef1d7cfc8580a5.jpg</path>
	<source>
		<database>roboflow.com</database>
	</source>
	<size>
		<width>320</width>
		<height>320</height>
		<depth>3</depth>
	</size>
	<segmented>0</segmented>
	<object>
		<name>Plastic-bottle</name>
		<pose>Unspecified</pose>
		<truncated>0</truncated>
		<difficult>0</difficult>
		<occluded>0</occluded>
		<bndbox>
			<xmin>103</xmin>
			<xmax>203</xmax>
			<ymin>19</ymin>
			<ymax>296</ymax>
		</bndbox>
	</object>
</annotation>
