<annotation>
	<folder></folder>
	<filename>bouteille_plastique_1055_jpg.rf.90f5bdc42f300781aab729558ebc6a00.jpg</filename>
	<path>bouteille_plastique_1055_jpg.rf.90f5bdc42f300781aab729558ebc6a00.jpg</path>
	<source>
		<database>roboflow.com</database>
	</source>
	<size>
		<width>320</width>
		<height>320</height>
		<depth>3</depth>
	</size>
	<segmented>0</segmented>
	<object>
		<name>Plastic-bottle</name>
		<pose>Unspecified</pose>
		<truncated>0</truncated>
		<difficult>0</difficult>
		<occluded>0</occluded>
		<bndbox>
			<xmin>22</xmin>
			<xmax>170</xmax>
			<ymin>16</ymin>
			<ymax>291</ymax>
		</bndbox>
	</object>
	<object>
		<name>Plastic-bottle</name>
		<pose>Unspecified</pose>
		<truncated>0</truncated>
		<difficult>0</difficult>
		<occluded>0</occluded>
		<bndbox>
			<xmin>156</xmin>
			<xmax>316</xmax>
			<ymin>11</ymin>
			<ymax>291</ymax>
		</bndbox>
	</object>
</annotation>
