<annotation>
	<folder></folder>
	<filename>bouteille_plastique_1428_jpg.rf.11d63bd048a27ccf23411d6f3f66a794.jpg</filename>
	<path>bouteille_plastique_1428_jpg.rf.11d63bd048a27ccf23411d6f3f66a794.jpg</path>
	<source>
		<database>roboflow.com</database>
	</source>
	<size>
		<width>320</width>
		<height>320</height>
		<depth>3</depth>
	</size>
	<segmented>0</segmented>
	<object>
		<name>Plastic-bottle</name>
		<pose>Unspecified</pose>
		<truncated>0</truncated>
		<difficult>0</difficult>
		<occluded>0</occluded>
		<bndbox>
			<xmin>114</xmin>
			<xmax>204</xmax>
			<ymin>75</ymin>
			<ymax>295</ymax>
		</bndbox>
	</object>
</annotation>
