<annotation>
	<folder></folder>
	<filename>bouteille_plastique_1420_jpg.rf.25f11c17e4f44ad1ab1c88813237db9f.jpg</filename>
	<path>bouteille_plastique_1420_jpg.rf.25f11c17e4f44ad1ab1c88813237db9f.jpg</path>
	<source>
		<database>roboflow.com</database>
	</source>
	<size>
		<width>320</width>
		<height>320</height>
		<depth>3</depth>
	</size>
	<segmented>0</segmented>
	<object>
		<name>Plastic-bottle</name>
		<pose>Unspecified</pose>
		<truncated>0</truncated>
		<difficult>0</difficult>
		<occluded>0</occluded>
		<bndbox>
			<xmin>9</xmin>
			<xmax>311</xmax>
			<ymin>2</ymin>
			<ymax>318</ymax>
		</bndbox>
	</object>
</annotation>
