<annotation>
	<folder></folder>
	<filename>bouteille_plastique_1406_jpg.rf.e8cdf76421677b4d15c48e5c88274fc3.jpg</filename>
	<path>bouteille_plastique_1406_jpg.rf.e8cdf76421677b4d15c48e5c88274fc3.jpg</path>
	<source>
		<database>roboflow.com</database>
	</source>
	<size>
		<width>320</width>
		<height>320</height>
		<depth>3</depth>
	</size>
	<segmented>0</segmented>
	<object>
		<name>Plastic-bottle</name>
		<pose>Unspecified</pose>
		<truncated>0</truncated>
		<difficult>0</difficult>
		<occluded>0</occluded>
		<bndbox>
			<xmin>112</xmin>
			<xmax>216</xmax>
			<ymin>43</ymin>
			<ymax>289</ymax>
		</bndbox>
	</object>
</annotation>
