<annotation>
	<folder></folder>
	<filename>bouteille_plastique_1429_jpg.rf.752e7a86a018525a69ea80a076fc3e9b.jpg</filename>
	<path>bouteille_plastique_1429_jpg.rf.752e7a86a018525a69ea80a076fc3e9b.jpg</path>
	<source>
		<database>roboflow.com</database>
	</source>
	<size>
		<width>320</width>
		<height>320</height>
		<depth>3</depth>
	</size>
	<segmented>0</segmented>
	<object>
		<name>Plastic-bottle</name>
		<pose>Unspecified</pose>
		<truncated>0</truncated>
		<difficult>0</difficult>
		<occluded>0</occluded>
		<bndbox>
			<xmin>72</xmin>
			<xmax>224</xmax>
			<ymin>6</ymin>
			<ymax>308</ymax>
		</bndbox>
	</object>
</annotation>
