<annotation>
	<folder></folder>
	<filename>bouteille_plastique_1054_jpg.rf.9c72b1c2bc8eecdab79531b80feb298e.jpg</filename>
	<path>bouteille_plastique_1054_jpg.rf.9c72b1c2bc8eecdab79531b80feb298e.jpg</path>
	<source>
		<database>roboflow.com</database>
	</source>
	<size>
		<width>320</width>
		<height>320</height>
		<depth>3</depth>
	</size>
	<segmented>0</segmented>
	<object>
		<name>Plastic-bottle</name>
		<pose>Unspecified</pose>
		<truncated>0</truncated>
		<difficult>0</difficult>
		<occluded>0</occluded>
		<bndbox>
			<xmin>103</xmin>
			<xmax>218</xmax>
			<ymin>5</ymin>
			<ymax>321</ymax>
		</bndbox>
	</object>
</annotation>
