<annotation>
	<folder></folder>
	<filename>bouteille_plastique_147_jpeg_jpg.rf.b327625bd3be9d82a0c944830e4443b1.jpg</filename>
	<path>bouteille_plastique_147_jpeg_jpg.rf.b327625bd3be9d82a0c944830e4443b1.jpg</path>
	<source>
		<database>roboflow.com</database>
	</source>
	<size>
		<width>320</width>
		<height>320</height>
		<depth>3</depth>
	</size>
	<segmented>0</segmented>
	<object>
		<name>Plastic-bottle</name>
		<pose>Unspecified</pose>
		<truncated>0</truncated>
		<difficult>0</difficult>
		<occluded>0</occluded>
		<bndbox>
			<xmin>75</xmin>
			<xmax>243</xmax>
			<ymin>12</ymin>
			<ymax>320</ymax>
		</bndbox>
	</object>
</annotation>
