<annotation>
	<folder></folder>
	<filename>bouteille_plastique_1429_jpg.rf.93d97c2839ff9c7577bd9cdcfc29b034.jpg</filename>
	<path>bouteille_plastique_1429_jpg.rf.93d97c2839ff9c7577bd9cdcfc29b034.jpg</path>
	<source>
		<database>roboflow.com</database>
	</source>
	<size>
		<width>320</width>
		<height>320</height>
		<depth>3</depth>
	</size>
	<segmented>0</segmented>
	<object>
		<name>Plastic-bottle</name>
		<pose>Unspecified</pose>
		<truncated>0</truncated>
		<difficult>0</difficult>
		<occluded>0</occluded>
		<bndbox>
			<xmin>72</xmin>
			<xmax>224</xmax>
			<ymin>6</ymin>
			<ymax>308</ymax>
		</bndbox>
	</object>
</annotation>
