<annotation>
	<folder></folder>
	<filename>Bouteille_plastique_16_jpg.rf.f3f2d7bbf785832679c07635fbab827b.jpg</filename>
	<path>Bouteille_plastique_16_jpg.rf.f3f2d7bbf785832679c07635fbab827b.jpg</path>
	<source>
		<database>roboflow.com</database>
	</source>
	<size>
		<width>320</width>
		<height>320</height>
		<depth>3</depth>
	</size>
	<segmented>0</segmented>
	<object>
		<name>Plastic-bottle</name>
		<pose>Unspecified</pose>
		<truncated>0</truncated>
		<difficult>0</difficult>
		<occluded>0</occluded>
		<bndbox>
			<xmin>50</xmin>
			<xmax>226</xmax>
			<ymin>1</ymin>
			<ymax>308</ymax>
		</bndbox>
	</object>
	<object>
		<name>Plastic-bottle</name>
		<pose>Unspecified</pose>
		<truncated>0</truncated>
		<difficult>0</difficult>
		<occluded>0</occluded>
		<bndbox>
			<xmin>1</xmin>
			<xmax>45</xmax>
			<ymin>96</ymin>
			<ymax>260</ymax>
		</bndbox>
	</object>
</annotation>
