<annotation>
	<folder></folder>
	<filename>bouteille_plastique_1355_jpg.rf.7297acce0c5b4e6d4d2dd5c29e12d5cf.jpg</filename>
	<path>bouteille_plastique_1355_jpg.rf.7297acce0c5b4e6d4d2dd5c29e12d5cf.jpg</path>
	<source>
		<database>roboflow.com</database>
	</source>
	<size>
		<width>320</width>
		<height>320</height>
		<depth>3</depth>
	</size>
	<segmented>0</segmented>
	<object>
		<name>Plastic-bottle</name>
		<pose>Unspecified</pose>
		<truncated>0</truncated>
		<difficult>0</difficult>
		<occluded>0</occluded>
		<bndbox>
			<xmin>91</xmin>
			<xmax>215</xmax>
			<ymin>1</ymin>
			<ymax>321</ymax>
		</bndbox>
	</object>
</annotation>
