<annotation>
	<folder></folder>
	<filename>bouteille_plastique_1423_jpg.rf.78e8f158501c09f78110cd08ae286d00.jpg</filename>
	<path>bouteille_plastique_1423_jpg.rf.78e8f158501c09f78110cd08ae286d00.jpg</path>
	<source>
		<database>roboflow.com</database>
	</source>
	<size>
		<width>320</width>
		<height>320</height>
		<depth>3</depth>
	</size>
	<segmented>0</segmented>
	<object>
		<name>Plastic-bottle</name>
		<pose>Unspecified</pose>
		<truncated>0</truncated>
		<difficult>0</difficult>
		<occluded>0</occluded>
		<bndbox>
			<xmin>81</xmin>
			<xmax>219</xmax>
			<ymin>4</ymin>
			<ymax>321</ymax>
		</bndbox>
	</object>
</annotation>
