<annotation>
	<folder></folder>
	<filename>bouteille_plastique_1277_jpg.rf.3beeff8786bc78348fc132403c50906e.jpg</filename>
	<path>bouteille_plastique_1277_jpg.rf.3beeff8786bc78348fc132403c50906e.jpg</path>
	<source>
		<database>roboflow.com</database>
	</source>
	<size>
		<width>320</width>
		<height>320</height>
		<depth>3</depth>
	</size>
	<segmented>0</segmented>
	<object>
		<name>Plastic-bottle</name>
		<pose>Unspecified</pose>
		<truncated>0</truncated>
		<difficult>0</difficult>
		<occluded>0</occluded>
		<bndbox>
			<xmin>114</xmin>
			<xmax>223</xmax>
			<ymin>8</ymin>
			<ymax>311</ymax>
		</bndbox>
	</object>
</annotation>
