<annotation>
	<folder></folder>
	<filename>bouteille_plastique_1427_jpg.rf.3c4f562db82a0ee82dbe648ba42b2a20.jpg</filename>
	<path>bouteille_plastique_1427_jpg.rf.3c4f562db82a0ee82dbe648ba42b2a20.jpg</path>
	<source>
		<database>roboflow.com</database>
	</source>
	<size>
		<width>320</width>
		<height>320</height>
		<depth>3</depth>
	</size>
	<segmented>0</segmented>
	<object>
		<name>Plastic-bottle</name>
		<pose>Unspecified</pose>
		<truncated>0</truncated>
		<difficult>0</difficult>
		<occluded>0</occluded>
		<bndbox>
			<xmin>108</xmin>
			<xmax>208</xmax>
			<ymin>11</ymin>
			<ymax>313</ymax>
		</bndbox>
	</object>
</annotation>
