<annotation>
	<folder></folder>
	<filename>bouteille_plastique_1307_jpg.rf.74e342009673855da5386f8cbbd36810.jpg</filename>
	<path>bouteille_plastique_1307_jpg.rf.74e342009673855da5386f8cbbd36810.jpg</path>
	<source>
		<database>roboflow.com</database>
	</source>
	<size>
		<width>320</width>
		<height>320</height>
		<depth>3</depth>
	</size>
	<segmented>0</segmented>
	<object>
		<name>Plastic-bottle</name>
		<pose>Unspecified</pose>
		<truncated>0</truncated>
		<difficult>0</difficult>
		<occluded>0</occluded>
		<bndbox>
			<xmin>101</xmin>
			<xmax>246</xmax>
			<ymin>44</ymin>
			<ymax>283</ymax>
		</bndbox>
	</object>
</annotation>
