<annotation>
	<folder></folder>
	<filename>bouteille_plastique_155_jpg.rf.d4ca4634399c594a3b056728fe941524.jpg</filename>
	<path>bouteille_plastique_155_jpg.rf.d4ca4634399c594a3b056728fe941524.jpg</path>
	<source>
		<database>roboflow.com</database>
	</source>
	<size>
		<width>320</width>
		<height>320</height>
		<depth>3</depth>
	</size>
	<segmented>0</segmented>
	<object>
		<name>Plastic-bottle</name>
		<pose>Unspecified</pose>
		<truncated>0</truncated>
		<difficult>0</difficult>
		<occluded>0</occluded>
		<bndbox>
			<xmin>88</xmin>
			<xmax>172</xmax>
			<ymin>65</ymin>
			<ymax>282</ymax>
		</bndbox>
	</object>
	<object>
		<name>Plastic-bottle</name>
		<pose>Unspecified</pose>
		<truncated>0</truncated>
		<difficult>0</difficult>
		<occluded>0</occluded>
		<bndbox>
			<xmin>167</xmin>
			<xmax>245</xmax>
			<ymin>62</ymin>
			<ymax>279</ymax>
		</bndbox>
	</object>
</annotation>
