<annotation>
	<folder></folder>
	<filename>bouteille_plastique_151_jpg.rf.27f43270768953ae3be778fc9ecc51b4.jpg</filename>
	<path>bouteille_plastique_151_jpg.rf.27f43270768953ae3be778fc9ecc51b4.jpg</path>
	<source>
		<database>roboflow.com</database>
	</source>
	<size>
		<width>320</width>
		<height>320</height>
		<depth>3</depth>
	</size>
	<segmented>0</segmented>
	<object>
		<name>Plastic-bottle</name>
		<pose>Unspecified</pose>
		<truncated>0</truncated>
		<difficult>0</difficult>
		<occluded>0</occluded>
		<bndbox>
			<xmin>70</xmin>
			<xmax>252</xmax>
			<ymin>3</ymin>
			<ymax>321</ymax>
		</bndbox>
	</object>
</annotation>
