<annotation>
	<folder></folder>
	<filename>bouteille_plastique_1415_png_jpg.rf.97bc4dfb94df7ba6429b8b0c18b317d9.jpg</filename>
	<path>bouteille_plastique_1415_png_jpg.rf.97bc4dfb94df7ba6429b8b0c18b317d9.jpg</path>
	<source>
		<database>roboflow.com</database>
	</source>
	<size>
		<width>320</width>
		<height>320</height>
		<depth>3</depth>
	</size>
	<segmented>0</segmented>
	<object>
		<name>Plastic-bottle</name>
		<pose>Unspecified</pose>
		<truncated>0</truncated>
		<difficult>0</difficult>
		<occluded>0</occluded>
		<bndbox>
			<xmin>113</xmin>
			<xmax>231</xmax>
			<ymin>59</ymin>
			<ymax>299</ymax>
		</bndbox>
	</object>
</annotation>
