<annotation>
	<folder></folder>
	<filename>bouteille_plastique_1053_jpg.rf.3c894cbe74957a732f2746c9153ecda8.jpg</filename>
	<path>bouteille_plastique_1053_jpg.rf.3c894cbe74957a732f2746c9153ecda8.jpg</path>
	<source>
		<database>roboflow.com</database>
	</source>
	<size>
		<width>320</width>
		<height>320</height>
		<depth>3</depth>
	</size>
	<segmented>0</segmented>
	<object>
		<name>Plastic-bottle</name>
		<pose>Unspecified</pose>
		<truncated>0</truncated>
		<difficult>0</difficult>
		<occluded>0</occluded>
		<bndbox>
			<xmin>118</xmin>
			<xmax>208</xmax>
			<ymin>8</ymin>
			<ymax>301</ymax>
		</bndbox>
	</object>
</annotation>
