<annotation>
	<folder></folder>
	<filename>bouteille_plastique_205_jpeg_jpg.rf.0d49969fd7c6b2dcea9cd4f1325166b3.jpg</filename>
	<path>bouteille_plastique_205_jpeg_jpg.rf.0d49969fd7c6b2dcea9cd4f1325166b3.jpg</path>
	<source>
		<database>roboflow.com</database>
	</source>
	<size>
		<width>320</width>
		<height>320</height>
		<depth>3</depth>
	</size>
	<segmented>0</segmented>
	<object>
		<name>Plastic-bottle</name>
		<pose>Unspecified</pose>
		<truncated>0</truncated>
		<difficult>0</difficult>
		<occluded>0</occluded>
		<bndbox>
			<xmin>133</xmin>
			<xmax>189</xmax>
			<ymin>21</ymin>
			<ymax>293</ymax>
		</bndbox>
	</object>
</annotation>
