<annotation>
	<folder></folder>
	<filename>bouteille_plastique_1272_jpeg_jpg.rf.c592ec75e2a7a8812550e012a635ec6c.jpg</filename>
	<path>bouteille_plastique_1272_jpeg_jpg.rf.c592ec75e2a7a8812550e012a635ec6c.jpg</path>
	<source>
		<database>roboflow.com</database>
	</source>
	<size>
		<width>320</width>
		<height>320</height>
		<depth>3</depth>
	</size>
	<segmented>0</segmented>
	<object>
		<name>Plastic-bottle</name>
		<pose>Unspecified</pose>
		<truncated>0</truncated>
		<difficult>0</difficult>
		<occluded>0</occluded>
		<bndbox>
			<xmin>116</xmin>
			<xmax>205</xmax>
			<ymin>21</ymin>
			<ymax>309</ymax>
		</bndbox>
	</object>
</annotation>
