<annotation>
	<folder></folder>
	<filename>bouteille_plastique_1424_jpg.rf.b325c5e1a175646d839015911a7c87d6.jpg</filename>
	<path>bouteille_plastique_1424_jpg.rf.b325c5e1a175646d839015911a7c87d6.jpg</path>
	<source>
		<database>roboflow.com</database>
	</source>
	<size>
		<width>320</width>
		<height>320</height>
		<depth>3</depth>
	</size>
	<segmented>0</segmented>
	<object>
		<name>Plastic-bottle</name>
		<pose>Unspecified</pose>
		<truncated>0</truncated>
		<difficult>0</difficult>
		<occluded>0</occluded>
		<bndbox>
			<xmin>115</xmin>
			<xmax>197</xmax>
			<ymin>30</ymin>
			<ymax>264</ymax>
		</bndbox>
	</object>
</annotation>
