<annotation>
	<folder></folder>
	<filename>bouteille_plastique_1079_jpg.rf.37163687b23a04c14ab25f7ad32338e7.jpg</filename>
	<path>bouteille_plastique_1079_jpg.rf.37163687b23a04c14ab25f7ad32338e7.jpg</path>
	<source>
		<database>roboflow.com</database>
	</source>
	<size>
		<width>320</width>
		<height>320</height>
		<depth>3</depth>
	</size>
	<segmented>0</segmented>
	<object>
		<name>Plastic-bottle</name>
		<pose>Unspecified</pose>
		<truncated>0</truncated>
		<difficult>0</difficult>
		<occluded>0</occluded>
		<bndbox>
			<xmin>90</xmin>
			<xmax>225</xmax>
			<ymin>1</ymin>
			<ymax>321</ymax>
		</bndbox>
	</object>
</annotation>
