<annotation>
	<folder></folder>
	<filename>bouteille_plastique_163_jpg.rf.34d35fdcb8dc9e161e485d10a83c74cc.jpg</filename>
	<path>bouteille_plastique_163_jpg.rf.34d35fdcb8dc9e161e485d10a83c74cc.jpg</path>
	<source>
		<database>roboflow.com</database>
	</source>
	<size>
		<width>320</width>
		<height>320</height>
		<depth>3</depth>
	</size>
	<segmented>0</segmented>
	<object>
		<name>Plastic-bottle</name>
		<pose>Unspecified</pose>
		<truncated>0</truncated>
		<difficult>0</difficult>
		<occluded>0</occluded>
		<bndbox>
			<xmin>94</xmin>
			<xmax>240</xmax>
			<ymin>39</ymin>
			<ymax>321</ymax>
		</bndbox>
	</object>
</annotation>
