<annotation>
	<folder></folder>
	<filename>bouteille_plastique_1287_jpg.rf.add6d3ce4f680bc59b09c65f531c5f59.jpg</filename>
	<path>bouteille_plastique_1287_jpg.rf.add6d3ce4f680bc59b09c65f531c5f59.jpg</path>
	<source>
		<database>roboflow.com</database>
	</source>
	<size>
		<width>320</width>
		<height>320</height>
		<depth>3</depth>
	</size>
	<segmented>0</segmented>
	<object>
		<name>Plastic-bottle</name>
		<pose>Unspecified</pose>
		<truncated>0</truncated>
		<difficult>0</difficult>
		<occluded>0</occluded>
		<bndbox>
			<xmin>121</xmin>
			<xmax>257</xmax>
			<ymin>4</ymin>
			<ymax>298</ymax>
		</bndbox>
	</object>
</annotation>
