<annotation>
	<folder></folder>
	<filename>bouteille_plastique_1431_jpg.rf.3e236f97472562547c87b780859fc502.jpg</filename>
	<path>bouteille_plastique_1431_jpg.rf.3e236f97472562547c87b780859fc502.jpg</path>
	<source>
		<database>roboflow.com</database>
	</source>
	<size>
		<width>320</width>
		<height>320</height>
		<depth>3</depth>
	</size>
	<segmented>0</segmented>
	<object>
		<name>Plastic-bottle</name>
		<pose>Unspecified</pose>
		<truncated>0</truncated>
		<difficult>0</difficult>
		<occluded>0</occluded>
		<bndbox>
			<xmin>24</xmin>
			<xmax>296</xmax>
			<ymin>9</ymin>
			<ymax>313</ymax>
		</bndbox>
	</object>
</annotation>
