<annotation>
	<folder></folder>
	<filename>bouteille_plastique_162_jpg.rf.cfdc92e5480608b278772df9a02546ae.jpg</filename>
	<path>bouteille_plastique_162_jpg.rf.cfdc92e5480608b278772df9a02546ae.jpg</path>
	<source>
		<database>roboflow.com</database>
	</source>
	<size>
		<width>320</width>
		<height>320</height>
		<depth>3</depth>
	</size>
	<segmented>0</segmented>
	<object>
		<name>Plastic-bottle</name>
		<pose>Unspecified</pose>
		<truncated>0</truncated>
		<difficult>0</difficult>
		<occluded>0</occluded>
		<bndbox>
			<xmin>75</xmin>
			<xmax>241</xmax>
			<ymin>24</ymin>
			<ymax>321</ymax>
		</bndbox>
	</object>
</annotation>
