<annotation>
	<folder></folder>
	<filename>bouteille_plastique_1309_jpg.rf.9780193ee5d5258e7a4ac31631563215.jpg</filename>
	<path>bouteille_plastique_1309_jpg.rf.9780193ee5d5258e7a4ac31631563215.jpg</path>
	<source>
		<database>roboflow.com</database>
	</source>
	<size>
		<width>320</width>
		<height>320</height>
		<depth>3</depth>
	</size>
	<segmented>0</segmented>
	<object>
		<name>Plastic-bottle</name>
		<pose>Unspecified</pose>
		<truncated>0</truncated>
		<difficult>0</difficult>
		<occluded>0</occluded>
		<bndbox>
			<xmin>46</xmin>
			<xmax>114</xmax>
			<ymin>95</ymin>
			<ymax>321</ymax>
		</bndbox>
	</object>
	<object>
		<name>Plastic-bottle</name>
		<pose>Unspecified</pose>
		<truncated>0</truncated>
		<difficult>0</difficult>
		<occluded>0</occluded>
		<bndbox>
			<xmin>102</xmin>
			<xmax>189</xmax>
			<ymin>62</ymin>
			<ymax>321</ymax>
		</bndbox>
	</object>
	<object>
		<name>Plastic-bottle</name>
		<pose>Unspecified</pose>
		<truncated>0</truncated>
		<difficult>0</difficult>
		<occluded>0</occluded>
		<bndbox>
			<xmin>173</xmin>
			<xmax>274</xmax>
			<ymin>20</ymin>
			<ymax>321</ymax>
		</bndbox>
	</object>
</annotation>
