<annotation>
	<folder></folder>
	<filename>bouteille_plastique_1373_jpg.rf.08b008f8194e621bc77e0d2016cdb2f5.jpg</filename>
	<path>bouteille_plastique_1373_jpg.rf.08b008f8194e621bc77e0d2016cdb2f5.jpg</path>
	<source>
		<database>roboflow.com</database>
	</source>
	<size>
		<width>320</width>
		<height>320</height>
		<depth>3</depth>
	</size>
	<segmented>0</segmented>
	<object>
		<name>Plastic-bottle</name>
		<pose>Unspecified</pose>
		<truncated>0</truncated>
		<difficult>0</difficult>
		<occluded>0</occluded>
		<bndbox>
			<xmin>121</xmin>
			<xmax>248</xmax>
			<ymin>8</ymin>
			<ymax>321</ymax>
		</bndbox>
	</object>
</annotation>
