<annotation>
	<folder></folder>
	<filename>bouteille_plastique_1358_jpg.rf.decb15858e2c89e34e70e954fe720d08.jpg</filename>
	<path>bouteille_plastique_1358_jpg.rf.decb15858e2c89e34e70e954fe720d08.jpg</path>
	<source>
		<database>roboflow.com</database>
	</source>
	<size>
		<width>320</width>
		<height>320</height>
		<depth>3</depth>
	</size>
	<segmented>0</segmented>
	<object>
		<name>Plastic-bottle</name>
		<pose>Unspecified</pose>
		<truncated>0</truncated>
		<difficult>0</difficult>
		<occluded>0</occluded>
		<bndbox>
			<xmin>90</xmin>
			<xmax>208</xmax>
			<ymin>12</ymin>
			<ymax>274</ymax>
		</bndbox>
	</object>
</annotation>
