<annotation>
	<folder></folder>
	<filename>bouteille_plastique_202_jpeg_jpg.rf.1c998495026b2209159b6844d46582aa.jpg</filename>
	<path>bouteille_plastique_202_jpeg_jpg.rf.1c998495026b2209159b6844d46582aa.jpg</path>
	<source>
		<database>roboflow.com</database>
	</source>
	<size>
		<width>320</width>
		<height>320</height>
		<depth>3</depth>
	</size>
	<segmented>0</segmented>
	<object>
		<name>Plastic-bottle</name>
		<pose>Unspecified</pose>
		<truncated>0</truncated>
		<difficult>0</difficult>
		<occluded>0</occluded>
		<bndbox>
			<xmin>120</xmin>
			<xmax>207</xmax>
			<ymin>19</ymin>
			<ymax>301</ymax>
		</bndbox>
	</object>
</annotation>
