<annotation>
	<folder></folder>
	<filename>bouteille_plastique_1319_jpg.rf.73413d6ed0cb13764ce87695ea9ebc7d.jpg</filename>
	<path>bouteille_plastique_1319_jpg.rf.73413d6ed0cb13764ce87695ea9ebc7d.jpg</path>
	<source>
		<database>roboflow.com</database>
	</source>
	<size>
		<width>320</width>
		<height>320</height>
		<depth>3</depth>
	</size>
	<segmented>0</segmented>
	<object>
		<name>Plastic-bottle</name>
		<pose>Unspecified</pose>
		<truncated>0</truncated>
		<difficult>0</difficult>
		<occluded>0</occluded>
		<bndbox>
			<xmin>81</xmin>
			<xmax>239</xmax>
			<ymin>34</ymin>
			<ymax>281</ymax>
		</bndbox>
	</object>
</annotation>
