<annotation>
	<folder></folder>
	<filename>bouteille_plastique_211_jpg.rf.bc2d2218a53746b5cc058ee8be315f86.jpg</filename>
	<path>bouteille_plastique_211_jpg.rf.bc2d2218a53746b5cc058ee8be315f86.jpg</path>
	<source>
		<database>roboflow.com</database>
	</source>
	<size>
		<width>320</width>
		<height>320</height>
		<depth>3</depth>
	</size>
	<segmented>0</segmented>
	<object>
		<name>Plastic-bottle</name>
		<pose>Unspecified</pose>
		<truncated>0</truncated>
		<difficult>0</difficult>
		<occluded>0</occluded>
		<bndbox>
			<xmin>16</xmin>
			<xmax>152</xmax>
			<ymin>25</ymin>
			<ymax>253</ymax>
		</bndbox>
	</object>
	<object>
		<name>Plastic-bottle</name>
		<pose>Unspecified</pose>
		<truncated>0</truncated>
		<difficult>0</difficult>
		<occluded>0</occluded>
		<bndbox>
			<xmin>136</xmin>
			<xmax>264</xmax>
			<ymin>28</ymin>
			<ymax>250</ymax>
		</bndbox>
	</object>
</annotation>
