<annotation>
	<folder></folder>
	<filename>bouteille_plastique_199_jpg.rf.a9bd7da3b1a16603d7562a36076f3089.jpg</filename>
	<path>bouteille_plastique_199_jpg.rf.a9bd7da3b1a16603d7562a36076f3089.jpg</path>
	<source>
		<database>roboflow.com</database>
	</source>
	<size>
		<width>320</width>
		<height>320</height>
		<depth>3</depth>
	</size>
	<segmented>0</segmented>
	<object>
		<name>Plastic-bottle</name>
		<pose>Unspecified</pose>
		<truncated>0</truncated>
		<difficult>0</difficult>
		<occluded>0</occluded>
		<bndbox>
			<xmin>4</xmin>
			<xmax>134</xmax>
			<ymin>44</ymin>
			<ymax>267</ymax>
		</bndbox>
	</object>
	<object>
		<name>Plastic-bottle</name>
		<pose>Unspecified</pose>
		<truncated>0</truncated>
		<difficult>0</difficult>
		<occluded>0</occluded>
		<bndbox>
			<xmin>116</xmin>
			<xmax>209</xmax>
			<ymin>58</ymin>
			<ymax>206</ymax>
		</bndbox>
	</object>
	<object>
		<name>Plastic-bottle</name>
		<pose>Unspecified</pose>
		<truncated>0</truncated>
		<difficult>0</difficult>
		<occluded>0</occluded>
		<bndbox>
			<xmin>197</xmin>
			<xmax>321</xmax>
			<ymin>36</ymin>
			<ymax>274</ymax>
		</bndbox>
	</object>
</annotation>
