<annotation>
	<folder></folder>
	<filename>bouteille_plastique_1421_jpg.rf.4c4d1e4d482bcd0c05f4ebb061d232e3.jpg</filename>
	<path>bouteille_plastique_1421_jpg.rf.4c4d1e4d482bcd0c05f4ebb061d232e3.jpg</path>
	<source>
		<database>roboflow.com</database>
	</source>
	<size>
		<width>320</width>
		<height>320</height>
		<depth>3</depth>
	</size>
	<segmented>0</segmented>
	<object>
		<name>Plastic-bottle</name>
		<pose>Unspecified</pose>
		<truncated>0</truncated>
		<difficult>0</difficult>
		<occluded>0</occluded>
		<bndbox>
			<xmin>103</xmin>
			<xmax>215</xmax>
			<ymin>55</ymin>
			<ymax>283</ymax>
		</bndbox>
	</object>
</annotation>
