<annotation>
	<folder></folder>
	<filename>bouteille_plastique_1411_jpg.rf.9c9dceee3e94372cd1dd57025ae84c17.jpg</filename>
	<path>bouteille_plastique_1411_jpg.rf.9c9dceee3e94372cd1dd57025ae84c17.jpg</path>
	<source>
		<database>roboflow.com</database>
	</source>
	<size>
		<width>320</width>
		<height>320</height>
		<depth>3</depth>
	</size>
	<segmented>0</segmented>
	<object>
		<name>Plastic-bottle</name>
		<pose>Unspecified</pose>
		<truncated>0</truncated>
		<difficult>0</difficult>
		<occluded>0</occluded>
		<bndbox>
			<xmin>114</xmin>
			<xmax>215</xmax>
			<ymin>63</ymin>
			<ymax>273</ymax>
		</bndbox>
	</object>
</annotation>
