<annotation>
	<folder></folder>
	<filename>bouteille_plastique_1248_jpg.rf.679fa7482de460a536267e5d84cd1939.jpg</filename>
	<path>bouteille_plastique_1248_jpg.rf.679fa7482de460a536267e5d84cd1939.jpg</path>
	<source>
		<database>roboflow.com</database>
	</source>
	<size>
		<width>320</width>
		<height>320</height>
		<depth>3</depth>
	</size>
	<segmented>0</segmented>
	<object>
		<name>Plastic-bottle</name>
		<pose>Unspecified</pose>
		<truncated>0</truncated>
		<difficult>0</difficult>
		<occluded>0</occluded>
		<bndbox>
			<xmin>68</xmin>
			<xmax>258</xmax>
			<ymin>29</ymin>
			<ymax>282</ymax>
		</bndbox>
	</object>
</annotation>
