<annotation>
	<folder></folder>
	<filename>Bouteille_plastique_20_jpg.rf.afbf11e088430ccf04c6e007c2eb09d0.jpg</filename>
	<path>Bouteille_plastique_20_jpg.rf.afbf11e088430ccf04c6e007c2eb09d0.jpg</path>
	<source>
		<database>roboflow.com</database>
	</source>
	<size>
		<width>320</width>
		<height>320</height>
		<depth>3</depth>
	</size>
	<segmented>0</segmented>
	<object>
		<name>Plastic-bottle</name>
		<pose>Unspecified</pose>
		<truncated>0</truncated>
		<difficult>0</difficult>
		<occluded>0</occluded>
		<bndbox>
			<xmin>128</xmin>
			<xmax>268</xmax>
			<ymin>69</ymin>
			<ymax>251</ymax>
		</bndbox>
	</object>
</annotation>
