<annotation>
	<folder></folder>
	<filename>bouteille_plastique_1347_jpg.rf.45770da357e1bc4143168be1e5d84305.jpg</filename>
	<path>bouteille_plastique_1347_jpg.rf.45770da357e1bc4143168be1e5d84305.jpg</path>
	<source>
		<database>roboflow.com</database>
	</source>
	<size>
		<width>320</width>
		<height>320</height>
		<depth>3</depth>
	</size>
	<segmented>0</segmented>
	<object>
		<name>Plastic-bottle</name>
		<pose>Unspecified</pose>
		<truncated>0</truncated>
		<difficult>0</difficult>
		<occluded>0</occluded>
		<bndbox>
			<xmin>77</xmin>
			<xmax>257</xmax>
			<ymin>1</ymin>
			<ymax>320</ymax>
		</bndbox>
	</object>
</annotation>
