<annotation>
	<folder></folder>
	<filename>bouteille_plastique_1405_jpg.rf.47c5a7251a8dc5a711b820c7d1dfc1ea.jpg</filename>
	<path>bouteille_plastique_1405_jpg.rf.47c5a7251a8dc5a711b820c7d1dfc1ea.jpg</path>
	<source>
		<database>roboflow.com</database>
	</source>
	<size>
		<width>320</width>
		<height>320</height>
		<depth>3</depth>
	</size>
	<segmented>0</segmented>
	<object>
		<name>Plastic-bottle</name>
		<pose>Unspecified</pose>
		<truncated>0</truncated>
		<difficult>0</difficult>
		<occluded>0</occluded>
		<bndbox>
			<xmin>112</xmin>
			<xmax>214</xmax>
			<ymin>16</ymin>
			<ymax>284</ymax>
		</bndbox>
	</object>
</annotation>
