<annotation>
	<folder></folder>
	<filename>bouteille_plastique_213_jpg.rf.0f9b1ccb551234e6c79b276831fa5dae.jpg</filename>
	<path>bouteille_plastique_213_jpg.rf.0f9b1ccb551234e6c79b276831fa5dae.jpg</path>
	<source>
		<database>roboflow.com</database>
	</source>
	<size>
		<width>320</width>
		<height>320</height>
		<depth>3</depth>
	</size>
	<segmented>0</segmented>
	<object>
		<name>Plastic-bottle</name>
		<pose>Unspecified</pose>
		<truncated>0</truncated>
		<difficult>0</difficult>
		<occluded>0</occluded>
		<bndbox>
			<xmin>103</xmin>
			<xmax>214</xmax>
			<ymin>19</ymin>
			<ymax>314</ymax>
		</bndbox>
	</object>
</annotation>
