<annotation>
	<folder></folder>
	<filename>bouteille_plastique_18_png_jpg.rf.ddc4ba598ea33342f850ed55f1c6d91f.jpg</filename>
	<path>bouteille_plastique_18_png_jpg.rf.ddc4ba598ea33342f850ed55f1c6d91f.jpg</path>
	<source>
		<database>roboflow.com</database>
	</source>
	<size>
		<width>320</width>
		<height>320</height>
		<depth>3</depth>
	</size>
	<segmented>0</segmented>
	<object>
		<name>Plastic-bottle</name>
		<pose>Unspecified</pose>
		<truncated>0</truncated>
		<difficult>0</difficult>
		<occluded>0</occluded>
		<bndbox>
			<xmin>39</xmin>
			<xmax>286</xmax>
			<ymin>4</ymin>
			<ymax>318</ymax>
		</bndbox>
	</object>
</annotation>
