<annotation>
	<folder></folder>
	<filename>bouteille_plastique_1062_png_jpg.rf.a426a4770b88961d24c73ad4f0b303e6.jpg</filename>
	<path>bouteille_plastique_1062_png_jpg.rf.a426a4770b88961d24c73ad4f0b303e6.jpg</path>
	<source>
		<database>roboflow.com</database>
	</source>
	<size>
		<width>320</width>
		<height>320</height>
		<depth>3</depth>
	</size>
	<segmented>0</segmented>
	<object>
		<name>Plastic-bottle</name>
		<pose>Unspecified</pose>
		<truncated>0</truncated>
		<difficult>0</difficult>
		<occluded>0</occluded>
		<bndbox>
			<xmin>108</xmin>
			<xmax>224</xmax>
			<ymin>4</ymin>
			<ymax>312</ymax>
		</bndbox>
	</object>
</annotation>
