<annotation>
	<folder></folder>
	<filename>bouteille_plastique_1425_jpg.rf.b09fbae696ff429e107c32c116c93b06.jpg</filename>
	<path>bouteille_plastique_1425_jpg.rf.b09fbae696ff429e107c32c116c93b06.jpg</path>
	<source>
		<database>roboflow.com</database>
	</source>
	<size>
		<width>320</width>
		<height>320</height>
		<depth>3</depth>
	</size>
	<segmented>0</segmented>
	<object>
		<name>Plastic-bottle</name>
		<pose>Unspecified</pose>
		<truncated>0</truncated>
		<difficult>0</difficult>
		<occluded>0</occluded>
		<bndbox>
			<xmin>123</xmin>
			<xmax>191</xmax>
			<ymin>54</ymin>
			<ymax>279</ymax>
		</bndbox>
	</object>
</annotation>
