<annotation>
	<folder></folder>
	<filename>bouteille_plastique_150_jpg.rf.612fe3f2763ca29bd2633fcc54c9061e.jpg</filename>
	<path>bouteille_plastique_150_jpg.rf.612fe3f2763ca29bd2633fcc54c9061e.jpg</path>
	<source>
		<database>roboflow.com</database>
	</source>
	<size>
		<width>320</width>
		<height>320</height>
		<depth>3</depth>
	</size>
	<segmented>0</segmented>
	<object>
		<name>Plastic-bottle</name>
		<pose>Unspecified</pose>
		<truncated>0</truncated>
		<difficult>0</difficult>
		<occluded>0</occluded>
		<bndbox>
			<xmin>107</xmin>
			<xmax>213</xmax>
			<ymin>43</ymin>
			<ymax>285</ymax>
		</bndbox>
	</object>
</annotation>
