<annotation>
	<folder></folder>
	<filename>bouteille_plastique_212_jpg.rf.948ef3e4366f27b6f8ab55e484b460f3.jpg</filename>
	<path>bouteille_plastique_212_jpg.rf.948ef3e4366f27b6f8ab55e484b460f3.jpg</path>
	<source>
		<database>roboflow.com</database>
	</source>
	<size>
		<width>320</width>
		<height>320</height>
		<depth>3</depth>
	</size>
	<segmented>0</segmented>
	<object>
		<name>Plastic-bottle</name>
		<pose>Unspecified</pose>
		<truncated>0</truncated>
		<difficult>0</difficult>
		<occluded>0</occluded>
		<bndbox>
			<xmin>78</xmin>
			<xmax>191</xmax>
			<ymin>30</ymin>
			<ymax>296</ymax>
		</bndbox>
	</object>
	<object>
		<name>Plastic-bottle</name>
		<pose>Unspecified</pose>
		<truncated>0</truncated>
		<difficult>0</difficult>
		<occluded>0</occluded>
		<bndbox>
			<xmin>182</xmin>
			<xmax>296</xmax>
			<ymin>28</ymin>
			<ymax>291</ymax>
		</bndbox>
	</object>
</annotation>
