<annotation>
	<folder></folder>
	<filename>bouteille_plastique_1327_jpg.rf.61a60acb57f9084ddeaa64b53ed3eaad.jpg</filename>
	<path>bouteille_plastique_1327_jpg.rf.61a60acb57f9084ddeaa64b53ed3eaad.jpg</path>
	<source>
		<database>roboflow.com</database>
	</source>
	<size>
		<width>320</width>
		<height>320</height>
		<depth>3</depth>
	</size>
	<segmented>0</segmented>
	<object>
		<name>Plastic-bottle</name>
		<pose>Unspecified</pose>
		<truncated>0</truncated>
		<difficult>0</difficult>
		<occluded>0</occluded>
		<bndbox>
			<xmin>122</xmin>
			<xmax>270</xmax>
			<ymin>15</ymin>
			<ymax>314</ymax>
		</bndbox>
	</object>
</annotation>
