<annotation>
	<folder></folder>
	<filename>bouteille_plastique_1438_jpg.rf.5598d3e26b2f61c926659a1c93425407.jpg</filename>
	<path>bouteille_plastique_1438_jpg.rf.5598d3e26b2f61c926659a1c93425407.jpg</path>
	<source>
		<database>roboflow.com</database>
	</source>
	<size>
		<width>320</width>
		<height>320</height>
		<depth>3</depth>
	</size>
	<segmented>0</segmented>
	<object>
		<name>Plastic-bottle</name>
		<pose>Unspecified</pose>
		<truncated>0</truncated>
		<difficult>0</difficult>
		<occluded>0</occluded>
		<bndbox>
			<xmin>93</xmin>
			<xmax>229</xmax>
			<ymin>1</ymin>
			<ymax>321</ymax>
		</bndbox>
	</object>
</annotation>
