<annotation>
	<folder></folder>
	<filename>bouteille_plastique_177_jpg.rf.52703e5eeb5c581f723a32ddccddba6f.jpg</filename>
	<path>bouteille_plastique_177_jpg.rf.52703e5eeb5c581f723a32ddccddba6f.jpg</path>
	<source>
		<database>roboflow.com</database>
	</source>
	<size>
		<width>320</width>
		<height>320</height>
		<depth>3</depth>
	</size>
	<segmented>0</segmented>
	<object>
		<name>Plastic-bottle</name>
		<pose>Unspecified</pose>
		<truncated>0</truncated>
		<difficult>0</difficult>
		<occluded>0</occluded>
		<bndbox>
			<xmin>122</xmin>
			<xmax>199</xmax>
			<ymin>41</ymin>
			<ymax>277</ymax>
		</bndbox>
	</object>
</annotation>
