<annotation>
	<folder></folder>
	<filename>bouteille_plastique_203_jpg.rf.5c46e286e324dfb5e25fac426e3ad565.jpg</filename>
	<path>bouteille_plastique_203_jpg.rf.5c46e286e324dfb5e25fac426e3ad565.jpg</path>
	<source>
		<database>roboflow.com</database>
	</source>
	<size>
		<width>320</width>
		<height>320</height>
		<depth>3</depth>
	</size>
	<segmented>0</segmented>
	<object>
		<name>Plastic-bottle</name>
		<pose>Unspecified</pose>
		<truncated>0</truncated>
		<difficult>0</difficult>
		<occluded>0</occluded>
		<bndbox>
			<xmin>59</xmin>
			<xmax>215</xmax>
			<ymin>1</ymin>
			<ymax>303</ymax>
		</bndbox>
	</object>
</annotation>
