<annotation>
	<folder></folder>
	<filename>bouteille_plastique_172_jpg.rf.9991466b84b935b9d64b1349599b52e2.jpg</filename>
	<path>bouteille_plastique_172_jpg.rf.9991466b84b935b9d64b1349599b52e2.jpg</path>
	<source>
		<database>roboflow.com</database>
	</source>
	<size>
		<width>320</width>
		<height>320</height>
		<depth>3</depth>
	</size>
	<segmented>0</segmented>
	<object>
		<name>Plastic-bottle</name>
		<pose>Unspecified</pose>
		<truncated>0</truncated>
		<difficult>0</difficult>
		<occluded>0</occluded>
		<bndbox>
			<xmin>35</xmin>
			<xmax>299</xmax>
			<ymin>9</ymin>
			<ymax>311</ymax>
		</bndbox>
	</object>
</annotation>
