<annotation>
	<folder></folder>
	<filename>bouteille_plastique_1241_jpg.rf.9ae84523950aa08e063e10d6fa2807e2.jpg</filename>
	<path>bouteille_plastique_1241_jpg.rf.9ae84523950aa08e063e10d6fa2807e2.jpg</path>
	<source>
		<database>roboflow.com</database>
	</source>
	<size>
		<width>320</width>
		<height>320</height>
		<depth>3</depth>
	</size>
	<segmented>0</segmented>
	<object>
		<name>Plastic-bottle</name>
		<pose>Unspecified</pose>
		<truncated>0</truncated>
		<difficult>0</difficult>
		<occluded>0</occluded>
		<bndbox>
			<xmin>113</xmin>
			<xmax>183</xmax>
			<ymin>22</ymin>
			<ymax>276</ymax>
		</bndbox>
	</object>
</annotation>
