<annotation>
	<folder></folder>
	<filename>bouteille_plastique_152_jpg.rf.bea949eb6a044554a709097987a4d3f0.jpg</filename>
	<path>bouteille_plastique_152_jpg.rf.bea949eb6a044554a709097987a4d3f0.jpg</path>
	<source>
		<database>roboflow.com</database>
	</source>
	<size>
		<width>320</width>
		<height>320</height>
		<depth>3</depth>
	</size>
	<segmented>0</segmented>
	<object>
		<name>Plastic-bottle</name>
		<pose>Unspecified</pose>
		<truncated>0</truncated>
		<difficult>0</difficult>
		<occluded>0</occluded>
		<bndbox>
			<xmin>89</xmin>
			<xmax>214</xmax>
			<ymin>12</ymin>
			<ymax>298</ymax>
		</bndbox>
	</object>
</annotation>
