<annotation>
	<folder></folder>
	<filename>bouteille_plastique_1392_jpg.rf.f9f3146e55a1d3e7ee5676ded62aae65.jpg</filename>
	<path>bouteille_plastique_1392_jpg.rf.f9f3146e55a1d3e7ee5676ded62aae65.jpg</path>
	<source>
		<database>roboflow.com</database>
	</source>
	<size>
		<width>320</width>
		<height>320</height>
		<depth>3</depth>
	</size>
	<segmented>0</segmented>
	<object>
		<name>Plastic-bottle</name>
		<pose>Unspecified</pose>
		<truncated>0</truncated>
		<difficult>0</difficult>
		<occluded>0</occluded>
		<bndbox>
			<xmin>78</xmin>
			<xmax>224</xmax>
			<ymin>3</ymin>
			<ymax>321</ymax>
		</bndbox>
	</object>
</annotation>
