<annotation>
	<folder></folder>
	<filename>bouteille_plastique_1053_jpg.rf.817ea9b8e818d6c08fb52fe2bf97bd8b.jpg</filename>
	<path>bouteille_plastique_1053_jpg.rf.817ea9b8e818d6c08fb52fe2bf97bd8b.jpg</path>
	<source>
		<database>roboflow.com</database>
	</source>
	<size>
		<width>320</width>
		<height>320</height>
		<depth>3</depth>
	</size>
	<segmented>0</segmented>
	<object>
		<name>Plastic-bottle</name>
		<pose>Unspecified</pose>
		<truncated>0</truncated>
		<difficult>0</difficult>
		<occluded>0</occluded>
		<bndbox>
			<xmin>118</xmin>
			<xmax>208</xmax>
			<ymin>8</ymin>
			<ymax>301</ymax>
		</bndbox>
	</object>
</annotation>
