<annotation>
	<folder></folder>
	<filename>bouteille_plastique_1398_jpg.rf.4ea5b53354931aabc979db6a6616d783.jpg</filename>
	<path>bouteille_plastique_1398_jpg.rf.4ea5b53354931aabc979db6a6616d783.jpg</path>
	<source>
		<database>roboflow.com</database>
	</source>
	<size>
		<width>320</width>
		<height>320</height>
		<depth>3</depth>
	</size>
	<segmented>0</segmented>
	<object>
		<name>Plastic-bottle</name>
		<pose>Unspecified</pose>
		<truncated>0</truncated>
		<difficult>0</difficult>
		<occluded>0</occluded>
		<bndbox>
			<xmin>98</xmin>
			<xmax>222</xmax>
			<ymin>23</ymin>
			<ymax>311</ymax>
		</bndbox>
	</object>
</annotation>
