<annotation>
	<folder></folder>
	<filename>bouteille_plastique_144_jpg.rf.c6cbd06d7dd4db6ae41c2814d59f581d.jpg</filename>
	<path>bouteille_plastique_144_jpg.rf.c6cbd06d7dd4db6ae41c2814d59f581d.jpg</path>
	<source>
		<database>roboflow.com</database>
	</source>
	<size>
		<width>320</width>
		<height>320</height>
		<depth>3</depth>
	</size>
	<segmented>0</segmented>
	<object>
		<name>Plastic-bottle</name>
		<pose>Unspecified</pose>
		<truncated>0</truncated>
		<difficult>0</difficult>
		<occluded>0</occluded>
		<bndbox>
			<xmin>30</xmin>
			<xmax>158</xmax>
			<ymin>17</ymin>
			<ymax>304</ymax>
		</bndbox>
	</object>
	<object>
		<name>Plastic-bottle</name>
		<pose>Unspecified</pose>
		<truncated>0</truncated>
		<difficult>0</difficult>
		<occluded>0</occluded>
		<bndbox>
			<xmin>169</xmin>
			<xmax>289</xmax>
			<ymin>18</ymin>
			<ymax>306</ymax>
		</bndbox>
	</object>
</annotation>
