<annotation>
	<folder></folder>
	<filename>bouteille_plastique_145_jpg.rf.ba32f2283abbc29b613e15b36e2eb955.jpg</filename>
	<path>bouteille_plastique_145_jpg.rf.ba32f2283abbc29b613e15b36e2eb955.jpg</path>
	<source>
		<database>roboflow.com</database>
	</source>
	<size>
		<width>320</width>
		<height>320</height>
		<depth>3</depth>
	</size>
	<segmented>0</segmented>
	<object>
		<name>Plastic-bottle</name>
		<pose>Unspecified</pose>
		<truncated>0</truncated>
		<difficult>0</difficult>
		<occluded>0</occluded>
		<bndbox>
			<xmin>51</xmin>
			<xmax>166</xmax>
			<ymin>50</ymin>
			<ymax>283</ymax>
		</bndbox>
	</object>
</annotation>
