<annotation>
	<folder></folder>
	<filename>bouteille_plastique_1419_jpg.rf.fbe9643ea3f80f8db1481f1fa12fd7dc.jpg</filename>
	<path>bouteille_plastique_1419_jpg.rf.fbe9643ea3f80f8db1481f1fa12fd7dc.jpg</path>
	<source>
		<database>roboflow.com</database>
	</source>
	<size>
		<width>320</width>
		<height>320</height>
		<depth>3</depth>
	</size>
	<segmented>0</segmented>
	<object>
		<name>Plastic-bottle</name>
		<pose>Unspecified</pose>
		<truncated>0</truncated>
		<difficult>0</difficult>
		<occluded>0</occluded>
		<bndbox>
			<xmin>87</xmin>
			<xmax>241</xmax>
			<ymin>4</ymin>
			<ymax>320</ymax>
		</bndbox>
	</object>
</annotation>
