<annotation>
	<folder></folder>
	<filename>bouteille_plastique_149_jpg.rf.3473fb909a0fc80aa002b1578cdbb4f1.jpg</filename>
	<path>bouteille_plastique_149_jpg.rf.3473fb909a0fc80aa002b1578cdbb4f1.jpg</path>
	<source>
		<database>roboflow.com</database>
	</source>
	<size>
		<width>320</width>
		<height>320</height>
		<depth>3</depth>
	</size>
	<segmented>0</segmented>
	<object>
		<name>Plastic-bottle</name>
		<pose>Unspecified</pose>
		<truncated>0</truncated>
		<difficult>0</difficult>
		<occluded>0</occluded>
		<bndbox>
			<xmin>227</xmin>
			<xmax>297</xmax>
			<ymin>184</ymin>
			<ymax>280</ymax>
		</bndbox>
	</object>
	<object>
		<name>Plastic-bottle</name>
		<pose>Unspecified</pose>
		<truncated>0</truncated>
		<difficult>0</difficult>
		<occluded>0</occluded>
		<bndbox>
			<xmin>94</xmin>
			<xmax>213</xmax>
			<ymin>21</ymin>
			<ymax>266</ymax>
		</bndbox>
	</object>
</annotation>
