<annotation>
	<folder></folder>
	<filename>bouteille_plastique_157_jpg.rf.be368d22ad35be16de9c79c87cb02349.jpg</filename>
	<path>bouteille_plastique_157_jpg.rf.be368d22ad35be16de9c79c87cb02349.jpg</path>
	<source>
		<database>roboflow.com</database>
	</source>
	<size>
		<width>320</width>
		<height>320</height>
		<depth>3</depth>
	</size>
	<segmented>0</segmented>
	<object>
		<name>Plastic-bottle</name>
		<pose>Unspecified</pose>
		<truncated>0</truncated>
		<difficult>0</difficult>
		<occluded>0</occluded>
		<bndbox>
			<xmin>98</xmin>
			<xmax>224</xmax>
			<ymin>32</ymin>
			<ymax>288</ymax>
		</bndbox>
	</object>
</annotation>
