<annotation>
	<folder></folder>
	<filename>bouteille_plastique_168_jpg.rf.efd64dbdb34c80340144eb50d3b8a5d5.jpg</filename>
	<path>bouteille_plastique_168_jpg.rf.efd64dbdb34c80340144eb50d3b8a5d5.jpg</path>
	<source>
		<database>roboflow.com</database>
	</source>
	<size>
		<width>320</width>
		<height>320</height>
		<depth>3</depth>
	</size>
	<segmented>0</segmented>
	<object>
		<name>Plastic-bottle</name>
		<pose>Unspecified</pose>
		<truncated>0</truncated>
		<difficult>0</difficult>
		<occluded>0</occluded>
		<bndbox>
			<xmin>83</xmin>
			<xmax>209</xmax>
			<ymin>17</ymin>
			<ymax>255</ymax>
		</bndbox>
	</object>
</annotation>
