<annotation>
	<folder></folder>
	<filename>bouteille_plastique_181_jpg.rf.b700f3948c0ee285763ef03e110a42ed.jpg</filename>
	<path>bouteille_plastique_181_jpg.rf.b700f3948c0ee285763ef03e110a42ed.jpg</path>
	<source>
		<database>roboflow.com</database>
	</source>
	<size>
		<width>320</width>
		<height>320</height>
		<depth>3</depth>
	</size>
	<segmented>0</segmented>
	<object>
		<name>Plastic-bottle</name>
		<pose>Unspecified</pose>
		<truncated>0</truncated>
		<difficult>0</difficult>
		<occluded>0</occluded>
		<bndbox>
			<xmin>119</xmin>
			<xmax>209</xmax>
			<ymin>28</ymin>
			<ymax>307</ymax>
		</bndbox>
	</object>
</annotation>
