<annotation>
	<folder></folder>
	<filename>bouteille_plastique_176_jpg.rf.5f4b79418695336746b131f00761992a.jpg</filename>
	<path>bouteille_plastique_176_jpg.rf.5f4b79418695336746b131f00761992a.jpg</path>
	<source>
		<database>roboflow.com</database>
	</source>
	<size>
		<width>320</width>
		<height>320</height>
		<depth>3</depth>
	</size>
	<segmented>0</segmented>
	<object>
		<name>Plastic-bottle</name>
		<pose>Unspecified</pose>
		<truncated>0</truncated>
		<difficult>0</difficult>
		<occluded>0</occluded>
		<bndbox>
			<xmin>112</xmin>
			<xmax>209</xmax>
			<ymin>9</ymin>
			<ymax>320</ymax>
		</bndbox>
	</object>
</annotation>
