<annotation>
	<folder></folder>
	<filename>bouteille_plastique_192_jpg.rf.cbaf00ef7402f1adf23fc8a196c0a0d1.jpg</filename>
	<path>bouteille_plastique_192_jpg.rf.cbaf00ef7402f1adf23fc8a196c0a0d1.jpg</path>
	<source>
		<database>roboflow.com</database>
	</source>
	<size>
		<width>320</width>
		<height>320</height>
		<depth>3</depth>
	</size>
	<segmented>0</segmented>
	<object>
		<name>Plastic-bottle</name>
		<pose>Unspecified</pose>
		<truncated>0</truncated>
		<difficult>0</difficult>
		<occluded>0</occluded>
		<bndbox>
			<xmin>121</xmin>
			<xmax>243</xmax>
			<ymin>16</ymin>
			<ymax>292</ymax>
		</bndbox>
	</object>
</annotation>
