<annotation>
	<folder></folder>
	<filename>bouteille_plastique_188_jpg.rf.dfed81599c8bd1312ce5477d566d8bbb.jpg</filename>
	<path>bouteille_plastique_188_jpg.rf.dfed81599c8bd1312ce5477d566d8bbb.jpg</path>
	<source>
		<database>roboflow.com</database>
	</source>
	<size>
		<width>320</width>
		<height>320</height>
		<depth>3</depth>
	</size>
	<segmented>0</segmented>
	<object>
		<name>Plastic-bottle</name>
		<pose>Unspecified</pose>
		<truncated>0</truncated>
		<difficult>0</difficult>
		<occluded>0</occluded>
		<bndbox>
			<xmin>82</xmin>
			<xmax>222</xmax>
			<ymin>1</ymin>
			<ymax>319</ymax>
		</bndbox>
	</object>
</annotation>
