<annotation>
	<folder></folder>
	<filename>bouteille_plastique_1066_jpg.rf.aa4ee52dd9c5ad8d2a851d40bf14ca60.jpg</filename>
	<path>bouteille_plastique_1066_jpg.rf.aa4ee52dd9c5ad8d2a851d40bf14ca60.jpg</path>
	<source>
		<database>roboflow.com</database>
	</source>
	<size>
		<width>320</width>
		<height>320</height>
		<depth>3</depth>
	</size>
	<segmented>0</segmented>
	<object>
		<name>Plastic-bottle</name>
		<pose>Unspecified</pose>
		<truncated>0</truncated>
		<difficult>0</difficult>
		<occluded>0</occluded>
		<bndbox>
			<xmin>61</xmin>
			<xmax>121</xmax>
			<ymin>73</ymin>
			<ymax>231</ymax>
		</bndbox>
	</object>
</annotation>
