<annotation>
	<folder></folder>
	<filename>IMG_20240511_223012_723_jpg.rf.5cfc76746cf54455de2c651926f017c3.jpg</filename>
	<path>IMG_20240511_223012_723_jpg.rf.5cfc76746cf54455de2c651926f017c3.jpg</path>
	<source>
		<database>roboflow.com</database>
	</source>
	<size>
		<width>320</width>
		<height>320</height>
		<depth>3</depth>
	</size>
	<segmented>0</segmented>
	<object>
		<name>Plastic-bottle</name>
		<pose>Unspecified</pose>
		<truncated>0</truncated>
		<difficult>0</difficult>
		<occluded>0</occluded>
		<bndbox>
			<xmin>110</xmin>
			<xmax>195</xmax>
			<ymin>106</ymin>
			<ymax>268</ymax>
		</bndbox>
	</object>
</annotation>
