<annotation>
	<folder></folder>
	<filename>IMG_20240511_223019_983_jpg.rf.a55147cc1638a01dd9c4fc9604b48378.jpg</filename>
	<path>IMG_20240511_223019_983_jpg.rf.a55147cc1638a01dd9c4fc9604b48378.jpg</path>
	<source>
		<database>roboflow.com</database>
	</source>
	<size>
		<width>320</width>
		<height>320</height>
		<depth>3</depth>
	</size>
	<segmented>0</segmented>
	<object>
		<name>Plastic-bottle</name>
		<pose>Unspecified</pose>
		<truncated>0</truncated>
		<difficult>0</difficult>
		<occluded>0</occluded>
		<bndbox>
			<xmin>145</xmin>
			<xmax>202</xmax>
			<ymin>110</ymin>
			<ymax>187</ymax>
		</bndbox>
	</object>
</annotation>
