<annotation>
	<folder></folder>
	<filename>IMG_20240511_223017_694_jpg.rf.36df1b9c0831ba31849457557a698fa0.jpg</filename>
	<path>IMG_20240511_223017_694_jpg.rf.36df1b9c0831ba31849457557a698fa0.jpg</path>
	<source>
		<database>roboflow.com</database>
	</source>
	<size>
		<width>320</width>
		<height>320</height>
		<depth>3</depth>
	</size>
	<segmented>0</segmented>
	<object>
		<name>Plastic-bottle</name>
		<pose>Unspecified</pose>
		<truncated>0</truncated>
		<difficult>0</difficult>
		<occluded>0</occluded>
		<bndbox>
			<xmin>39</xmin>
			<xmax>281</xmax>
			<ymin>143</ymin>
			<ymax>217</ymax>
		</bndbox>
	</object>
</annotation>
