<annotation>
	<folder></folder>
	<filename>IMG_20240511_223030_747_jpg.rf.65fa38289e9e4ea4a2d07e997981f236.jpg</filename>
	<path>IMG_20240511_223030_747_jpg.rf.65fa38289e9e4ea4a2d07e997981f236.jpg</path>
	<source>
		<database>roboflow.com</database>
	</source>
	<size>
		<width>320</width>
		<height>320</height>
		<depth>3</depth>
	</size>
	<segmented>0</segmented>
	<object>
		<name>Plastic-bottle</name>
		<pose>Unspecified</pose>
		<truncated>0</truncated>
		<difficult>0</difficult>
		<occluded>0</occluded>
		<bndbox>
			<xmin>132</xmin>
			<xmax>215</xmax>
			<ymin>163</ymin>
			<ymax>260</ymax>
		</bndbox>
	</object>
</annotation>
