<annotation>
	<folder></folder>
	<filename>IMG_20240511_223024_675_jpg.rf.e8c8e53754b88c6003b3f24f0c1c7bbe.jpg</filename>
	<path>IMG_20240511_223024_675_jpg.rf.e8c8e53754b88c6003b3f24f0c1c7bbe.jpg</path>
	<source>
		<database>roboflow.com</database>
	</source>
	<size>
		<width>320</width>
		<height>320</height>
		<depth>3</depth>
	</size>
	<segmented>0</segmented>
	<object>
		<name>Plastic-bottle</name>
		<pose>Unspecified</pose>
		<truncated>0</truncated>
		<difficult>0</difficult>
		<occluded>0</occluded>
		<bndbox>
			<xmin>126</xmin>
			<xmax>219</xmax>
			<ymin>128</ymin>
			<ymax>161</ymax>
		</bndbox>
	</object>
</annotation>
